index,subset_size,minority_size,run,roc_auc,time_elapsed
0,125,0.2889,0,0.8016979821799717,18.71547070518136
1,125,0.2889,1,0.8050138146627712,18.15573856048286
2,125,0.2889,2,0.7999543878382854,18.595069270581007
